#,Tier,State,Agency,Area,Why they fit / signal,Website or source,Pitch link (fill in contacts & commission after the call),Principal name,Email,Phone,Status,Next step,Date
1,A,ACT,Hayman Partners,Canberra,"Locally owned, 20+ years, 5,436 properties sold = huge past-vendor list",https://haymanpartners.com.au/,https://kerbautomation.com/pitch.html?agency=Hayman%20Partners,Brett Hayman (check he's still the principal on their Our Team page),admin@haymanpartners.com.au,02 6282 4488,Not contacted,,
2,A,ACT,McIntyre Property,"Tuggeranong, Canberra","Family-owned independent, 25+ years",https://mcintyreproperty.com.au/,https://kerbautomation.com/pitch.html?agency=McIntyre%20Property,Col McIntyre (Director),col.mcintyre@mcintyreproperty.com.au,0417 263 678,Not contacted,,
3,A,NSW,Agents + Co Property Group,"Eastern Suburbs, Sydney",SIGNAL: acquired a large Maroubra agency and its sales/rental database. Inherited contacts nobody has worked,https://www.realestatebusiness.com.au/industry/30871-agents-co-acquires-leading-agency-in-sydney-s-eastern-suburbs,https://kerbautomation.com/pitch.html?agency=Agents%20%2B%20Co%20Property%20Group,Nick Papas (Director/Licensee),hello@agentsandco.com.au,02 9314 2100,Not contacted,,
4,A,NSW,Andriessen Property,Newcastle,"Independent, family-owned, founded 40+ years ago",https://www.apnewcastle.com.au/,https://kerbautomation.com/pitch.html?agency=Andriessen%20Property,Craig Andriessen (Director),mail@apnewcastle.com.au,02 4954 8833,Not contacted,,
5,A,NSW,Bartlett & Co Property,Wollongong,Family-owned; principal Tim Bartlett has 35+ years in the area,https://bartlettandcoproperty.com.au/,https://kerbautomation.com/pitch.html?agency=Bartlett%20%26%20Co%20Property,Tim Bartlett (Principal),sales@bartlettandcoproperty.com.au,02 4227 3297,Not contacted,,
6,A,NSW,Borrelli Quirk Newcastle Real Estate (BQNRE),Newcastle,"Family-owned independent (Bill & Joanne Quirk), ~60 years",https://www.bqnre.com.au/,https://kerbautomation.com/pitch.html?agency=Borrelli%20Quirk%20Newcastle%20Real%20Estate%20%28BQNRE%29,Bill Quirk (Principal),billquirk@bqnre.com.au,02 4961 5566,Not contacted,,
7,A,NSW,Burns & Burns Real Estate,"Upper North Shore, Sydney",Family-owned since 1978: 45+ years of past appraisals and vendors,https://www.burnsandburns.com.au/,https://kerbautomation.com/pitch.html?agency=Burns%20%26%20Burns%20Real%20Estate,Andrew Burns (Principal),andrew@burnsandburns.com.au,02 9449 9211,Not contacted,,
8,A,NSW,Harris Tripp,"Inner West, Sydney","One of Sydney's largest independents, since 1972",https://www.harristripp.com.au/,https://kerbautomation.com/pitch.html?agency=Harris%20Tripp,Natasha MacDonald (Managing Director),n.macdonald@harristripp.com.au,02 8752 4500,Not contacted,,
9,A,NSW,Hill & Viteri Property,"Sutherland Shire, Sydney","Principal left Century 21 to go independent, so has no franchise lead-gen now",https://www.hillandviteriproperty.com.au/,https://kerbautomation.com/pitch.html?agency=Hill%20%26%20Viteri%20Property,Sebastian Viteri,reception@hvproperty.com.au,02 9545 2220 / 0412 547 111,Not contacted,,
10,A,NSW,Lea Real Estate,"Coogee / Eastern Suburbs, Sydney","Independent, family-owned since 1972",https://www.lea.com.au/,https://kerbautomation.com/pitch.html?agency=Lea%20Real%20Estate,Quentin Lea (Principal & MD),enquiry@lea.com.au,02 9665 0111,Not contacted,,
11,A,NSW,One Agency Matt & Ursula Smith,Central Coast,"SIGNAL: Apr 2026 took over a former family-run office, so inherited its old database",https://www.realestatebusiness.com.au/industry/31683-real-estate-couple-launches-one-agency-office-on-nsw-central-coast,https://kerbautomation.com/pitch.html?agency=One%20Agency%20Matt%20%26%20Ursula%20Smith,Matt & Ursula Smith,,"1300 792 388 (One Agency, ask for their office)",Not contacted,,
12,A,NSW,The Rubinstein Group (TRG),"Eastern Suburbs, Sydney","SIGNAL: Aug 2026 bought Express Realty (30-yr PM business), 1,000+ managed properties = landlords who may sell",https://eliteagent.com/trg-acquires-express-realty-expands-eastern-suburbs-footprint/,https://kerbautomation.com/pitch.html?agency=The%20Rubinstein%20Group%20%28TRG%29,Gavin Rubinstein,woollahra@trgre.com.au,1300 874 888,Not contacted,,
13,A,NT,KG Young & Associates,Darwin & Palmerston,"100% locally owned, 50+ years",https://www.kgyoung.com.au/,https://kerbautomation.com/pitch.html?agency=KG%20Young%20%26%20Associates,Leah Gelder (Director),,08 8943 2432,Not contacted,,
14,A,NT,Territory Real Estate,Darwin,"100% locally owned independent, markets 'no franchise fees'",https://www.territoryrealestate.com.au/,https://kerbautomation.com/pitch.html?agency=Territory%20Real%20Estate,Stuart Rodda (Director),stu@territoryrealestate.com.au,08 8985 5678,Not contacted,,
15,A,QLD,Anderson Family Real Estate,North Brisbane & Bayside,"Family-owned; Principal Peter Anderson, selling since 2003",https://andersonfamilyrealestate.com/staff/peter-anderson,https://kerbautomation.com/pitch.html?agency=Anderson%20Family%20Real%20Estate,Peter Anderson (Principal),reception@andersonfamilyrealestate.com,07 3203 6001,Not contacted,,
16,A,QLD,Brisbane Real Estate,"Western suburbs, Brisbane",One of the largest independently owned agencies in QLD,https://brisbanerealestate.com.au/,https://kerbautomation.com/pitch.html?agency=Brisbane%20Real%20Estate,Kel Goesch (Director & Principal),kel@brisbanerealestate.com.au,07 3378 6011,Not contacted,,
17,A,QLD,Cairns Property Office,Cairns,Leading independent agency in Cairns,https://www.cpo.com.au/,https://kerbautomation.com/pitch.html?agency=Cairns%20Property%20Office,,,,Not contacted,,
18,A,QLD,Calibre Real Estate,Brisbane,"Independent and locally owned since 2009, REIQ award winner",https://www.calibrerealestate.com.au/,https://kerbautomation.com/pitch.html?agency=Calibre%20Real%20Estate,Alice Hagen (Founder/Director),alice@calibrerealestate.com.au,07 3367 3411,Not contacted,,
19,A,QLD,Chevron Realty,Gold Coast,Locally owned independent,https://www.chevronrealty.com.au/,https://kerbautomation.com/pitch.html?agency=Chevron%20Realty,,,,Not contacted,,
20,A,QLD,Drakos Real Estate,South Brisbane / West End,Independent since 1960; Principal Chris Kazonis,https://drakos.com.au/,https://kerbautomation.com/pitch.html?agency=Drakos%20Real%20Estate,Chris Kazonis (Principal),info@drakos.com.au,07 3844 1781 / 0418 656 965,Not contacted,,
21,A,QLD,Local Agent,Sunshine Coast,"Family-owned independent, 15+ years",https://www.localagent.net.au/,https://kerbautomation.com/pitch.html?agency=Local%20Agent,Eric Sealey (Principal),info@localagent.net.au,07 5491 3555 / 0419 376 316,Not contacted,,
22,A,QLD,Page & Pearce,Townsville,Independently owned since 2003,https://pagepearce.com.au/,https://kerbautomation.com/pitch.html?agency=Page%20%26%20Pearce,,,,Not contacted,,
23,A,QLD,Property Boutique,Gold Coast,"Family-run, 40+ years of experience",https://www.pboutique.com.au/,https://kerbautomation.com/pitch.html?agency=Property%20Boutique,,,,Not contacted,,
24,A,QLD,Real Estate GC,Gold Coast,Family agency since 1987,https://www.realestategc.net.au/,https://kerbautomation.com/pitch.html?agency=Real%20Estate%20GC,,,,Not contacted,,
25,A,QLD,Twomey Schriber Property Group,Cairns,Largest independent agency in Cairns / North QLD,https://www.tspropertygroup.com.au/,https://kerbautomation.com/pitch.html?agency=Twomey%20Schriber%20Property%20Group,Kev Twomey & Zeta Schriber (founders),info@tspropertygroup.com.au,07 4031 3138,Not contacted,,
26,A,QLD,Webster Cavanagh,Toowoomba,"Largest independent in Toowoomba, family-owned, 3 offices",https://webstercavanagh.com.au/,https://kerbautomation.com/pitch.html?agency=Webster%20Cavanagh,Andrew Webster (Director),admin@wcproperty.com.au,0477 589 758,Not contacted,,
27,A,SA,Gary J Smith Real Estate,Inner south-west Adelaide,"Family-owned since 1970, 10,000+ sales = massive past-vendor list",https://garyjsmith.com.au/,https://kerbautomation.com/pitch.html?agency=Gary%20J%20Smith%20Real%20Estate,Gary J Smith (Director),mail@garyjsmith.com.au,08 8297 9622,Not contacted,,
28,A,SA,Prime RE Group,Adelaide,Independent SA-owned boutique since 2011,https://www.primeregroup.com.au/,https://kerbautomation.com/pitch.html?agency=Prime%20RE%20Group,Teresa Maurici Seal (Principal),info@primeregroup.com.au,08 7071 7280,Not contacted,,
29,A,SA,Smith Partners Real Estate,Adelaide,Family-owned (Ryan & Corina Smith) since 2013,https://smithpartnersrealestate.com.au/,https://kerbautomation.com/pitch.html?agency=Smith%20Partners%20Real%20Estate,Ryan Smith (Director & Principal),info@spartners.com.au,08 8251 3249 / 0488 013 112,Not contacted,,
30,A,SA,Turner Real Estate,Adelaide,Family independent since 1991; SIGNAL: recent PM acquisition,https://www.turnerrealestate.com.au/,https://kerbautomation.com/pitch.html?agency=Turner%20Real%20Estate,Lachlan Turner (Managing Director),lturner@turnerrealestate.com.au,08 8468 1000,Not contacted,,
31,A,TAS,Flanagan Residential,Launceston,Independently owned and operated,https://www.flanaganresidential.com.au/,https://kerbautomation.com/pitch.html?agency=Flanagan%20Residential,,,,Not contacted,,
32,A,VIC,Abode Peninsula,Mornington Peninsula,"Family-owned, established 2010",https://www.abodepeninsula.com.au/,https://kerbautomation.com/pitch.html?agency=Abode%20Peninsula,,,,Not contacted,,
33,A,VIC,Bendigo Ballarat Real Estate,"Bendigo, Ballarat, Maryborough, Ararat","Family business founded 1983 (Principal Ron Morrison), ~60 staff, 4 offices",https://www.domain.com.au/real-estate-agencies/bendigoballaratrealestate-17276/,https://kerbautomation.com/pitch.html?agency=Bendigo%20Ballarat%20Real%20Estate,Ron Morrison (Principal),ron@ballaratrealestate.com.au,See bendigoballaratrealestate.com.au/contact,Not contacted,,
34,A,VIC,Dingle Partners,Melbourne,50 years servicing Melbourne property,https://www.dinglepartners.com.au/,https://kerbautomation.com/pitch.html?agency=Dingle%20Partners,Malcolm Dingle (Director),malcolm@dinglepartners.com.au,0418 333 489,Not contacted,,
35,A,VIC,Hoskins Real Estate,"Croydon & Donvale, outer east Melbourne","Locally owned boutique, 60+ years; premium and acreage",https://hoskins.com.au/,https://kerbautomation.com/pitch.html?agency=Hoskins%20Real%20Estate,John Hoskins (Director & Auctioneer),donvale@hoskins.com.au,03 9874 7677 / 0418 345 008,Not contacted,,
36,A,VIC,Love & Co,Northern suburbs Melbourne (9 offices),Independent family business since 1945 (Ted Love). 80 years of northern-suburbs vendors and buyers,https://www.lovere.com.au/our-network/love-co-preston/,https://kerbautomation.com/pitch.html?agency=Love%20%26%20Co,"Noel Crouch (Director, Preston)",preston@lovere.com.au,1300 568 373,Not contacted,,
37,A,VIC,Melcorp Real Estate,Clayton / south-east Melbourne,"20+ years; sales, leasing and appraisals",https://www.melcorprealestate.com.au/,https://kerbautomation.com/pitch.html?agency=Melcorp%20Real%20Estate,Mark Giuliano (Director),,03 9663 1117 (Clayton),Not contacted,,
38,A,VIC,Prentice Real Estate,Mornington Peninsula,"One of the most established independents on the Peninsula, founded 1946",https://www.zoominfo.com/c/prentice-real-estate/354141147,https://kerbautomation.com/pitch.html?agency=Prentice%20Real%20Estate,Michael Prentice (Director),michael@prenticerealestate.com.au,03 5985 2351,Not contacted,,
39,A,VIC,Q6 Real Estate,Melbourne's west,Independent since 2011; senior agent on every campaign,https://www.q6realestate.com.au/,https://kerbautomation.com/pitch.html?agency=Q6%20Real%20Estate,Ihsan Qureshi (Director),info@q6realestate.com.au,03 8361 8855,Not contacted,,
40,A,VIC,The Coast Real Estate,Mornington Peninsula,Family-owned independent since 2000,https://www.thecoast.com.au/,https://kerbautomation.com/pitch.html?agency=The%20Coast%20Real%20Estate,"Egidio Poci (MD), Jackie Wright (Director)",office@thecoast.com.au,03 5983 1980,Not contacted,,
41,A,VIC,W. B. Simpson & Son,North Melbourne,Family firm since 1872 (5th generation). Decades of past clients,https://wbsimpson.com.au/,https://kerbautomation.com/pitch.html?agency=W.%20B.%20Simpson%20%26%20Son,Darrell Simpson,enquiries@wbsimpson.com.au,03 9328 1213,Not contacted,,
42,A,WA,Bourkes,South Perth,Independent since 1988; 253 sales in the last 12 months,https://bourkes.com.au/,https://kerbautomation.com/pitch.html?agency=Bourkes,Maree Overton (Director & Licensee),maree@bourkes.com.au,08 9474 2000,Not contacted,,
43,A,WA,Boutique Realty Perth,Perth,"Full-service, REIWA top 5% salespeople",https://www.boutiquerealtyperth.com.au/,https://kerbautomation.com/pitch.html?agency=Boutique%20Realty%20Perth,,,,Not contacted,,
44,A,WA,Brookwood Realty,Perth Hills,Family business since 1993,https://www.brookwoodrealty.com.au/,https://kerbautomation.com/pitch.html?agency=Brookwood%20Realty,,,,Not contacted,,
45,A,WA,HKY Real Estate,Connolly & Ellenbrook,"Independent AND already sells itself on AI marketing, so an easy tech conversation",https://hky.com.au/,https://kerbautomation.com/pitch.html?agency=HKY%20Real%20Estate,,,,Not contacted,,
46,B,NSW,Belle Property Parramatta,"Parramatta, Sydney",Family-owned (Sahyoun family) franchise office,https://www.belleproperty.com/parramatta,https://kerbautomation.com/pitch.html?agency=Belle%20Property%20Parramatta,,,,Not contacted,,
47,B,NSW,Century 21 Sutherland Shire,"Sutherland Shire, Sydney",Family-owned since 1988 (franchise). Longest-standing agency in 2234,https://c21sutherlandshire.com.au/,https://kerbautomation.com/pitch.html?agency=Century%2021%20Sutherland%20Shire,,,,Not contacted,,
48,B,NSW,DEVOTE Real Estate,"Pymble, Upper North Shore","New independent (Sales Principal Tom Zhang). Newer, so smaller database",https://devoterealestate.com.au/about/,https://kerbautomation.com/pitch.html?agency=DEVOTE%20Real%20Estate,,,,Not contacted,,
49,B,NSW,One Agency Parramatta CBD,"Parramatta, Sydney",Independently owned; Selling Principal Jeff Chang,https://oneagency.com.au/office?office_id=305,https://kerbautomation.com/pitch.html?agency=One%20Agency%20Parramatta%20CBD,,,,Not contacted,,
50,B,NSW,One Agency Penrith,"Penrith, Sydney",Independently owned One Agency office,https://oneagency.com.au/penrith,https://kerbautomation.com/pitch.html?agency=One%20Agency%20Penrith,,,,Not contacted,,
51,B,NSW,One Agency Randhawa Property Group,North-west Sydney,"SIGNAL: launched June 2026, a new office hungry for listings",https://www.realestatebusiness.com.au/industry/31996-principal-launches-north-west-sydney-office-with-one-agency,https://kerbautomation.com/pitch.html?agency=One%20Agency%20Randhawa%20Property%20Group,,,,Not contacted,,
52,B,NSW,One Agency Sid Hezari Property Group,"Lower North Shore, Sydney","Independently owned One Agency office, principal Sid Hezari",https://oneagency.com.au/office?office_id=277,https://kerbautomation.com/pitch.html?agency=One%20Agency%20Sid%20Hezari%20Property%20Group,,,,Not contacted,,
53,B,NSW,One Agency Southern Highlands,Bowral,SIGNAL: launched Sept 2026 by three partners,https://www.realestatebusiness.com.au/industry/32405-one-agency-reaches-12-new-offices-in-2026,https://kerbautomation.com/pitch.html?agency=One%20Agency%20Southern%20Highlands,,,,Not contacted,,
54,B,NSW,One Agency The Shire,"Sutherland, Sydney",Independently owned One Agency office,https://oneagency.com.au/office?office_id=170,https://kerbautomation.com/pitch.html?agency=One%20Agency%20The%20Shire,,,,Not contacted,,
55,B,NSW,PRD Penrith,"Penrith, Sydney","Owned by Darren Latty, 40+ years (franchise)",https://www.prd.com.au/penrith/,https://kerbautomation.com/pitch.html?agency=PRD%20Penrith,,,,Not contacted,,
56,B,NSW,Southlands Estate Agents,"South Penrith, Sydney",Western Sydney specialist (check ownership on their site),https://southlandsea.com.au/,https://kerbautomation.com/pitch.html?agency=Southlands%20Estate%20Agents,,,,Not contacted,,
57,B,NSW,Starr Partners Parramatta,"Parramatta, Sydney",~20 years in Parramatta; MD Daniel Formosa,https://www.starrpartners.com.au/office/starr-partners-parramatta,https://kerbautomation.com/pitch.html?agency=Starr%20Partners%20Parramatta,,,,Not contacted,,
58,B,NT,All About Real Estate,Darwin,Locally owned boutique,https://allaboutrealestate.net.au/,https://kerbautomation.com/pitch.html?agency=All%20About%20Real%20Estate,,,,Not contacted,,
59,B,QLD,Affinity Property,North Brisbane,Check ownership on their site,https://affinityproperty.net.au/,https://kerbautomation.com/pitch.html?agency=Affinity%20Property,,,,Not contacted,,
60,B,QLD,Coast Property Co,Sunshine Coast,Boutique agency,https://www.coastpropertyco.com.au/,https://kerbautomation.com/pitch.html?agency=Coast%20Property%20Co,,,,Not contacted,,
61,B,QLD,Gold Coast Property,Gold Coast,Independent agency,https://gcsr.com.au/,https://kerbautomation.com/pitch.html?agency=Gold%20Coast%20Property,,,,Not contacted,,
62,B,QLD,Lynham & Co,"Kirwan, Townsville","Boutique family-run, 10+ years",https://www.lynham.com.au/,https://kerbautomation.com/pitch.html?agency=Lynham%20%26%20Co,,,,Not contacted,,
63,B,QLD,Nxtgen Property,Townsville,"Independent, residential sales + PM",https://www.nxtgenproperty.com.au/,https://kerbautomation.com/pitch.html?agency=Nxtgen%20Property,,,,Not contacted,,
64,B,QLD,One Agency Beachside,Sunshine Coast,Independently owned boutique,https://oneagency.com.au/office?office_id=296,https://kerbautomation.com/pitch.html?agency=One%20Agency%20Beachside,,,,Not contacted,,
65,B,QLD,Queensland Independent Property Agents,Brisbane,Independent; principal ex-finance,https://www.domain.com.au/real-estate-agencies/queenslandindependentpropertyagents-17570/,https://kerbautomation.com/pitch.html?agency=Queensland%20Independent%20Property%20Agents,,,,Not contacted,,
66,B,QLD,du Preez & Co,Sunshine Coast,New boutique agency (Steven du Preez),https://eliteagent.com/sun-sand-and-sold-steven-du-preez-launches-boutique-real-estate-agency-on-the-sunshine-coast/,https://kerbautomation.com/pitch.html?agency=du%20Preez%20%26%20Co,,,,Not contacted,,
67,B,SA,All Adelaide City Edge,Adelaide,Family-owned since 2006,https://www.alladelaidecityedge.com.au/about-us/,https://kerbautomation.com/pitch.html?agency=All%20Adelaide%20City%20Edge,,,,Not contacted,,
68,B,SA,Axiom Realty,Adelaide,Local family business,https://axiomrealty.com.au/,https://kerbautomation.com/pitch.html?agency=Axiom%20Realty,,,,Not contacted,,
69,B,SA,TOOP+TOOP Real Estate,Adelaide,Check ownership on their site,https://www.toop.com.au/,https://kerbautomation.com/pitch.html?agency=TOOP%2BTOOP%20Real%20Estate,,,,Not contacted,,
70,B,TAS,New Haus Agency,Hobart,Newer agency (founder Ed McKay),https://newhaus.agency/,https://kerbautomation.com/pitch.html?agency=New%20Haus%20Agency,,,,Not contacted,,
71,B,TAS,Wolf Property,Launceston,Independent full-service agency,https://wolfproperty.com.au/real-estate-agents/launceston/,https://kerbautomation.com/pitch.html?agency=Wolf%20Property,,,,Not contacted,,
72,B,VIC,Boutique Estate Agency,South-east Melbourne,10+ years selling in the south-east corridor,https://www.ratemyagent.com.au/real-estate-agency/boutique-estate-agency-ab545/sales/overview,https://kerbautomation.com/pitch.html?agency=Boutique%20Estate%20Agency,,,,Not contacted,,
73,B,VIC,Gibson Property Services,Geelong / Surf Coast,"Independent boutique; mostly PM, lifestyle sales",https://www.gibsonpropertyservices.com.au/,https://kerbautomation.com/pitch.html?agency=Gibson%20Property%20Services,,,,Not contacted,,
74,B,VIC,Inner Real Estate,Melbourne,Check ownership on their site,https://www.innerrealestate.com.au/,https://kerbautomation.com/pitch.html?agency=Inner%20Real%20Estate,,,,Not contacted,,
75,B,VIC,McNeill Real Estate,Mornington,Downsizing specialists: downsizer database is ideal for appraisal offers (check ownership),https://www.mcneillrealestate.com.au/,https://kerbautomation.com/pitch.html?agency=McNeill%20Real%20Estate,,,,Not contacted,,
76,B,VIC,My Agent Real Estate,Melbourne,Independent boutique sales + PM,https://www.myagentre.com.au/,https://kerbautomation.com/pitch.html?agency=My%20Agent%20Real%20Estate,,,,Not contacted,,
77,B,VIC,Nicole Gervasi,Melbourne,Residential + commercial agency (check ownership),https://www.nicolegervasi.com.au/,https://kerbautomation.com/pitch.html?agency=Nicole%20Gervasi,,,,Not contacted,,
78,B,VIC,Noble Knight Real Estate,"Lilydale, Yea, Yarra Glen",Local leader in Lilydale/Yarra Valley (check ownership),https://www.nobleknight.com.au/,https://kerbautomation.com/pitch.html?agency=Noble%20Knight%20Real%20Estate,,,,Not contacted,,
79,B,VIC,Noel Jones Ringwood & Croydon,Ringwood & Croydon,Locally owned and operated 25+ years (group brand),https://noeljones.com.au/offices/ringwood/,https://kerbautomation.com/pitch.html?agency=Noel%20Jones%20Ringwood%20%26%20Croydon,,,,Not contacted,,
80,B,VIC,O'Brien Real Estate Frankston,Frankston,Family owned and operated in Frankston since 1998 (network brand),https://www.obrienrealestate.com.au/office/obrien-real-estate-frankston/22161,https://kerbautomation.com/pitch.html?agency=O%27Brien%20Real%20Estate%20Frankston,,,,Not contacted,,
81,B,VIC,One Agency Peninsula,Mornington Peninsula,Independently owned One Agency office,https://oneagencypeninsula.com.au/,https://kerbautomation.com/pitch.html?agency=One%20Agency%20Peninsula,,,,Not contacted,,
82,B,VIC,Ross-Hunt Real Estate,Melbourne,Check ownership on their site,https://www.rosshunt.com.au/,https://kerbautomation.com/pitch.html?agency=Ross-Hunt%20Real%20Estate,,,,Not contacted,,
83,B,WA,Matrix Realty,Applecross,"Boutique, sales + PM",https://matrixrealty.com.au/,https://kerbautomation.com/pitch.html?agency=Matrix%20Realty,,,,Not contacted,,
84,B,WA,Perth Lifestyle Residential,Northern coastal Perth,Boutique since 2017,https://www.lifestyleresidential.com.au/,https://kerbautomation.com/pitch.html?agency=Perth%20Lifestyle%20Residential,,,,Not contacted,,
85,B,WA,SOCO Realty,South Perth,"Boutique, family-owned",https://www.socorealty.com.au/,https://kerbautomation.com/pitch.html?agency=SOCO%20Realty,,,,Not contacted,,
86,B,WA,The Haus Exchange,Perth,Boutique agency,https://www.thehaus.exchange/,https://kerbautomation.com/pitch.html?agency=The%20Haus%20Exchange,,,,Not contacted,,
87,C,ACT,Independent Property Group,Canberra (multi-office),"Founded 1958, 180+ staff. Big database but slower decision; pitch one branch",https://independent.com.au/,https://kerbautomation.com/pitch.html?agency=Independent%20Property%20Group,,,,Not contacted,,
